{
  "price": 0.01,
  "number": null,
  "gatekeeper": {
    "gatekeeperNetwork": "ignREusXmGrscGNUesoU9mxfds9AiYTezUKex2PsZV6",
    "expireOnUse": true
  },
  "solTreasuryAccount": null,
  "splTokenAccount": null,
  "splToken": null,
  "goLiveDate": null,
  "endSettings": null,
  "whitelistMintSettings": null,
  "hiddenSettings": null,
  "storage": "arweave",
  "ipfsInfuraProjectId": null,
  "ipfsInfuraSecret": null,
  "awsS3Bucket": null,
  "nftStorageKey": null,
  "noRetainAuthority": false,
  "noMutable": false
}
